{
  "project_info": {
    "project_number": "1054098362255",
    "project_id": "projetseg2505-4ff24",
    "storage_bucket": "projetseg2505-4ff24.appspot.com"
  },
  "client": [
    {
      "client_info": {
        "mobilesdk_app_id": "1:1054098362255:android:1ce450e6cc01874df4c5fa",
        "android_client_info": {
          "package_name": "com.example.projetseg2505"
        }
      },
      "oauth_client": [],
      "api_key": [
        {
          "current_key": "AIzaSyAma5SeuTF8CE-TG3_UxPv-kVqpuCrAf18"
        }
      ],
      "services": {
        "appinvite_service": {
          "other_platform_oauth_client": []
        }
      }
    }
  ],
  "configuration_version": "1"
}